order_id,customer_id,order_amount,created_at,order_status
1,1,192.58,2022-08-30 00:00:00,cancelled
2,1,419.5,2023-08-31 00:00:00,refunded
3,2,1829.71,2024-06-09 00:00:00,pending
4,3,494.09,2024-05-05 00:00:00,refunded
5,3,1233.55,2023-06-25 00:00:00,refunded
6,3,1654.69,2023-11-06 00:00:00,completed
7,4,299.38,2024-06-23 00:00:00,cancelled
8,4,835.6,2024-02-09 00:00:00,pending
9,4,-1052.82,2023-04-24 00:00:00,completed
10,5,1090.03,2024-10-28 00:00:00,completed
11,5,86.68,2024-07-09 00:00:00,pending
12,5,587.39,2024-03-29 00:00:00,refunded
13,6,165.08,2024-10-15 00:00:00,completed
14,6,198.99,2022-12-15 00:00:00,cancelled
15,6,237.84,2023-12-24 00:00:00,cancelled
16,6,142.24,2023-08-18 00:00:00,refunded
17,6,-191.03,2022-12-21 00:00:00,pending
18,6,76.54,2024-12-10 00:00:00,cancelled
19,6,206.35,2023-02-03 00:00:00,refunded
20,6,57.82,2023-10-20 00:00:00,pending
21,7,149.26,2024-12-17 00:00:00,refunded
22,7,6.06,2024-06-22 00:00:00,completed
23,7,196.36,2024-07-02 00:00:00,pending
24,7,99.91,2023-05-15 00:00:00,cancelled
25,7,72.03,2023-10-10 00:00:00,cancelled
26,7,152.62,2024-03-26 00:00:00,cancelled
27,8,799.91,2024-02-12 00:00:00,pending
28,8,187.52,2024-06-13 00:00:00,pending
29,8,956.95,2022-11-21 00:00:00,refunded
30,8,941.14,15/06/2024,cancelled
31,9,81.21,2024-07-25 00:00:00,completed
32,10,40.87,2023-12-07 00:00:00,completed
33,10,92.88,2023-04-28 00:00:00,refunded
34,11,712.56,2024-12-30 00:00:00,pending
35,11,1159.94,2023-04-26 00:00:00,refunded
36,11,90.91,2024-09-24 00:00:00,cancelled
37,11,1041.73,2024-06-04 00:00:00,cancelled
38,11,385.37,2023-09-23 00:00:00,pending
39,12,194.83,2023-02-19 00:00:00,refunded
40,12,12.77,2023-07-08 00:00:00,refunded
41,12,302.47,2023-09-15 00:00:00,cancelled
42,12,356.76,2024-12-30 00:00:00,pending
43,13,207.67,2024-12-27 00:00:00,cancelled
44,14,475.65,2023-03-24 00:00:00,refunded
45,14,66.21,2022-08-22 00:00:00,cancelled
46,15,861.13,2024-08-26 00:00:00,cancelled
47,15,-686.79,2024-10-20 00:00:00,cancelled
48,15,1008.45,2024-12-25 00:00:00,refunded
49,16,237.31,2023-09-23 00:00:00,pending
50,16,56.64,2023-09-06 00:00:00,pending
51,17,326.81,2024-09-11 00:00:00,completed
52,17,28.56,2024-05-28 00:00:00,completed
53,17,456.38,2024-02-12 00:00:00,refunded
54,19,810.74,2022-01-14 00:00:00,completed
55,19,463.18,2022-05-30 00:00:00,completed
56,19,962.46,2023-08-01 00:00:00,refunded
57,19,678.5,2022-11-18 00:00:00,pending
58,20,40.3,2024-08-11 00:00:00,
59,20,35.19,2023-12-03 00:00:00,completed
60,22,452.74,2024-11-21 00:00:00,cancelled
61,23,59.09,2024-12-06 00:00:00,cancelled
62,24,118.01,2024-10-10 00:00:00,completed
63,24,124.36,2024-11-11 00:00:00,cancelled
64,24,156.78,2024-01-13 00:00:00,pending
65,24,174.9,2024-02-04 00:00:00,pending
66,24,46.32,2024-06-08 00:00:00,cancelled
67,25,75.81,2024-05-10 00:00:00,cancelled
68,25,248.62,2024-04-12 00:00:00,completed
69,26,2233.68,2024-09-12 00:00:00,pending
70,26,2235.66,2024-09-04 00:00:00,completed
71,26,2270.44,2024-09-22 00:00:00,cancelled
72,26,414.15,2024-12-03 00:00:00,refunded
73,26,378.01,2024-10-02 00:00:00,completed
74,27,2455.54,2024-12-09 00:00:00,pending
75,27,2374.34,2024-10-08 00:00:00,pending
76,27,1915.61,2024-07-12 00:00:00,pending
77,27,1318.82,2024-07-08 00:00:00,cancelled
78,27,2452.44,2024-05-27 00:00:00,cancelled
79,28,347.56,2024-06-02 00:00:00,pending
80,28,1048.45,2024-11-09 00:00:00,cancelled
81,29,248.56,2023-10-03 00:00:00,
82,29,91.15,2024-01-08 00:00:00,completed
83,30,180.74,2024-03-27 00:00:00,completed
84,31,244.62,2024-12-16 00:00:00,pending
85,32,727.52,2023-11-05 00:00:00,pending
86,33,136.55,2024-10-14 00:00:00,pending
87,34,181.29,2024-12-27 00:00:00,cancelled
88,34,217.49,2024-06-02 00:00:00,pending
89,34,206.01,2024-07-29 00:00:00,pending
90,35,302.3,2024-12-05 00:00:00,completed
91,35,266.13,2024-11-18 00:00:00,refunded
92,35,303.91,2024-12-15 00:00:00,completed
93,35,415.49,2024-12-10 00:00:00,refunded
94,36,234.91,2024-01-09 00:00:00,refunded
95,36,28.94,2024-12-29 00:00:00,pending
96,36,74.4,2023-08-13 00:00:00,
97,38,6.76,2024-07-02 00:00:00,pending
98,38,109.39,2023-12-28 00:00:00,cancelled
99,38,72.51,2024-08-18 00:00:00,refunded
100,39,709.89,2024-03-26 00:00:00,refunded
101,39,926.33,2024-04-23 00:00:00,completed
102,39,147.84,2023-08-25 00:00:00,refunded
103,40,443.81,2023-09-29 00:00:00,completed
104,40,265.94,2024-10-25 00:00:00,cancelled
105,40,2330.18,2024-09-03 00:00:00,refunded
106,40,2367.0,2023-10-04 00:00:00,pending
107,41,375.36,2024-12-27 00:00:00,completed
108,41,232.62,2024-12-28 00:00:00,completed
109,41,1246.1,2024-12-20 00:00:00,refunded
110,41,43.82,2024-12-27 00:00:00,completed
111,42,180.57,2024-03-26 00:00:00,cancelled
112,42,291.7,2023-09-25 00:00:00,cancelled
113,42,154.18,2024-01-05 00:00:00,completed
114,43,1750.77,2024-03-07 00:00:00,refunded
115,43,1719.91,2024-10-06 00:00:00,completed
116,43,1708.44,2024-02-05 00:00:00,pending
117,43,73.82,2024-12-24 00:00:00,cancelled
118,43,236.27,2024-06-09 00:00:00,pending
119,44,127.25,2024-01-31 00:00:00,pending
120,44,54.68,2024-03-11 00:00:00,pending
121,45,1705.74,2024-07-13 00:00:00,refunded
122,47,164.55,2023-12-18 00:00:00,cancelled
123,47,204.96,2023-01-03 00:00:00,pending
124,47,25.96,2023-09-27 00:00:00,cancelled
125,48,-164.67,2024-12-03 00:00:00,completed
126,48,187.19,2024-09-25 00:00:00,cancelled
127,48,189.3,2024-10-04 00:00:00,refunded
128,48,428.62,2024-10-15 00:00:00,cancelled
129,48,408.95,2024-08-07 00:00:00,cancelled
130,48,81.46,2024-07-21 00:00:00,
131,48,497.83,2024-06-19 00:00:00,cancelled
132,49,29.25,2024-02-09 00:00:00,pending
133,49,28.59,2024-10-03 00:00:00,cancelled
134,49,89.31,2023-09-18 00:00:00,refunded
135,50,95.52,2024-11-25 00:00:00,cancelled
136,51,983.62,2023-06-20 00:00:00,cancelled
137,51,1083.45,2024-03-11 00:00:00,refunded
138,51,818.03,2023-11-20 00:00:00,cancelled
139,51,1963.39,2024-06-29 00:00:00,cancelled
140,52,178.17,2023-02-23 00:00:00,pending
141,54,28.41,2023-10-11 00:00:00,
142,55,304.62,2024-11-18 00:00:00,pending
143,55,656.12,2024-11-27 00:00:00,cancelled
144,55,120.0,2024-11-23 00:00:00,cancelled
145,55,2340.4,2024-12-17 00:00:00,refunded
146,56,319.21,2024-12-14 00:00:00,refunded
147,56,246.01,2024-12-11 00:00:00,pending
148,56,-86.3,2024-12-08 00:00:00,completed
149,57,680.5,01/06/2024,refunded
150,57,1002.51,2024-05-12 00:00:00,pending
151,58,1017.14,2023-12-09 00:00:00,pending
152,58,694.3,2023-05-01 00:00:00,refunded
153,58,2028.56,2024-06-06 00:00:00,cancelled
154,58,510.6,2023-11-14 00:00:00,completed
155,58,1159.28,2024-06-11 00:00:00,
156,59,243.22,2023-12-13 00:00:00,cancelled
157,59,27.1,2024-01-06 00:00:00,completed
158,59,127.11,2024-10-22 00:00:00,cancelled
159,60,187.29,2024-01-04 00:00:00,refunded
160,60,662.69,2024-12-25 00:00:00,refunded
161,60,992.75,2024-02-26 00:00:00,refunded
162,60,1938.94,2024-11-01 00:00:00,pending
163,60,438.6,2024-04-04 00:00:00,completed
164,61,268.44,2023-10-15 00:00:00,completed
165,61,556.85,2024-09-22 00:00:00,completed
166,61,35.94,2023-08-19 00:00:00,completed
167,62,131.87,2023-07-27 00:00:00,refunded
168,63,197.13,2024-02-29 00:00:00,cancelled
169,63,1245.22,2022-10-05 00:00:00,cancelled
170,63,-2234.9,2024-08-31 00:00:00,pending
171,63,2251.72,2023-02-10 00:00:00,refunded
172,63,514.95,2023-10-13 00:00:00,pending
173,63,2086.81,2024-11-03 00:00:00,pending
174,63,-1376.93,2023-02-23 00:00:00,refunded
175,63,2213.18,2022-12-05 00:00:00,cancelled
176,63,2419.55,2024-04-03 00:00:00,refunded
177,63,1551.95,2022-11-03 00:00:00,cancelled
178,63,213.37,2024-04-03 00:00:00,pending
179,63,291.95,2022-12-12 00:00:00,refunded
180,63,170.26,2023-02-16 00:00:00,pending
181,63,1656.59,2022-12-29 00:00:00,completed
182,63,2348.7,2024-06-29 00:00:00,refunded
183,64,29.92,2024-01-30 00:00:00,completed
184,64,57.59,2024-01-20 00:00:00,pending
185,64,289.31,2023-04-18 00:00:00,pending
186,65,170.25,2024-12-18 00:00:00,refunded
187,65,128.65,2024-12-21 00:00:00,pending
188,65,139.77,2024-12-16 00:00:00,cancelled
189,65,154.06,2024-12-16 00:00:00,pending
190,66,-573.19,2024-12-02 00:00:00,refunded
191,66,-659.07,2024-08-13 00:00:00,cancelled
192,67,2063.75,2024-12-06 00:00:00,cancelled
193,67,429.05,2024-10-16 00:00:00,completed
194,68,620.84,2024-02-01 00:00:00,cancelled
195,68,1822.77,2023-08-09 00:00:00,refunded
196,68,-1508.32,2023-08-27 00:00:00,cancelled
197,68,2308.59,2023-07-18 00:00:00,cancelled
198,68,2180.98,2023-09-22 00:00:00,pending
199,69,91.31,2024-08-05 00:00:00,completed
200,69,212.67,2024-02-22 00:00:00,refunded
201,69,297.05,2023-10-11 00:00:00,cancelled
202,70,17.08,2024-12-11 00:00:00,refunded
203,70,36.94,2024-10-23 00:00:00,pending
204,70,53.04,2024-06-16 00:00:00,pending
205,71,26.95,2024-10-04 00:00:00,refunded
206,71,165.58,2024-10-09 00:00:00,cancelled
207,71,113.34,2024-12-01 00:00:00,pending
208,71,96.59,2024-11-01 00:00:00,completed
209,72,-2089.49,2024-11-21 00:00:00,cancelled
210,72,1204.42,2024-04-21 00:00:00,cancelled
211,72,1888.37,2024-05-28 00:00:00,refunded
212,72,95.05,2024-08-11 00:00:00,completed
213,72,1564.01,2024-08-25 00:00:00,completed
214,72,714.71,2024-08-07 00:00:00,
215,73,1225.25,2024-03-17 00:00:00,completed
216,73,253.36,2024-01-04 00:00:00,refunded
217,73,398.54,2024-08-17 00:00:00,refunded
218,74,158.14,2024-09-05 00:00:00,cancelled
219,74,472.63,2023-01-04 00:00:00,cancelled
220,75,1325.76,2024-04-17 00:00:00,pending
221,76,428.37,2024-11-18 00:00:00,pending
222,76,1081.67,2023-10-03 00:00:00,cancelled
223,77,1657.77,2023-10-27 00:00:00,pending
224,77,501.13,2023-09-30 00:00:00,pending
225,78,79.32,2023-07-16 00:00:00,cancelled
226,78,191.8,2022-06-16 00:00:00,cancelled
227,79,93.02,2022-10-12 00:00:00,refunded
228,80,213.77,2023-06-16 00:00:00,refunded
229,80,192.31,2024-02-01 00:00:00,completed
230,80,247.12,2024-10-27 00:00:00,pending
231,81,1735.26,2024-06-07 00:00:00,refunded
232,81,1851.56,2024-08-07 00:00:00,refunded
233,81,1504.82,2024-07-19 00:00:00,completed
234,81,2200.56,2023-10-22 00:00:00,pending
235,81,999.12,2024-07-12 00:00:00,completed
236,82,590.15,2024-02-29 00:00:00,refunded
237,82,592.88,2023-10-05 00:00:00,refunded
238,82,190.75,2024-11-22 00:00:00,
239,82,1106.12,2023-12-05 00:00:00,completed
240,83,1846.49,2024-03-30 00:00:00,completed
241,83,1782.83,2023-09-13 00:00:00,pending
242,83,871.22,2024-10-15 00:00:00,pending
243,83,1077.98,2022-05-17 00:00:00,cancelled
244,84,-37.23,26/12/2024,pending
245,85,276.32,2024-04-03 00:00:00,completed
246,85,243.1,15/09/2024,refunded
247,85,146.28,2024-05-23 00:00:00,pending
248,87,1466.33,2024-05-10 00:00:00,cancelled
249,87,445.27,2022-12-26 00:00:00,cancelled
250,87,1427.33,2024-09-10 00:00:00,refunded
251,87,783.27,2024-08-21 00:00:00,cancelled
252,87,1398.65,2024-11-06 00:00:00,cancelled
253,88,667.69,2024-06-24 00:00:00,pending
254,88,617.49,2022-08-26 00:00:00,cancelled
255,89,232.14,2024-07-16 00:00:00,refunded
256,89,221.5,20/01/2024,pending
257,89,118.9,2023-08-13 00:00:00,completed
258,90,-867.79,2023-09-18 00:00:00,pending
259,90,216.2,03/10/2024,cancelled
260,91,510.16,2024-03-12 00:00:00,completed
261,91,611.91,2024-08-29 00:00:00,refunded
262,91,589.26,2024-08-06 00:00:00,cancelled
263,91,1048.0,2023-10-18 00:00:00,cancelled
264,93,401.77,2023-08-07 00:00:00,cancelled
265,93,491.97,2023-08-15 00:00:00,pending
266,93,378.25,2024-11-11 00:00:00,cancelled
267,94,578.59,2024-12-21 00:00:00,cancelled
268,94,977.79,2024-12-11 00:00:00,
269,94,213.75,2024-12-26 00:00:00,cancelled
270,94,200.54,2024-12-20 00:00:00,completed
271,94,276.35,2024-12-14 00:00:00,completed
272,96,212.79,2024-12-28 00:00:00,completed
273,96,187.66,2024-12-25 00:00:00,completed
274,96,54.14,2024-11-12 00:00:00,cancelled
275,96,71.8,2024-10-17 00:00:00,
276,96,30.08,2024-12-06 00:00:00,cancelled
277,96,145.65,2024-11-07 00:00:00,pending
278,97,12.1,2023-10-13 00:00:00,completed
279,97,177.65,2023-12-02 00:00:00,refunded
280,98,406.56,2024-03-06 00:00:00,completed
281,98,55.53,2022-09-01 00:00:00,refunded
282,98,238.04,2024-06-12 00:00:00,pending
283,98,457.3,2023-01-09 00:00:00,refunded
284,99,232.11,2024-07-24 00:00:00,completed
285,99,93.69,2024-12-04 00:00:00,cancelled
286,99,359.99,2024-11-27 00:00:00,completed
287,99,235.88,2024-09-15 00:00:00,refunded
288,99,198.07,2024-09-02 00:00:00,cancelled
289,100,197.9,2024-10-20 00:00:00,pending
290,100,145.68,2024-11-26 00:00:00,refunded
291,100,206.4,2024-06-21 00:00:00,pending
292,100,204.45,2024-11-19 00:00:00,refunded
293,100,205.17,2024-07-22 00:00:00,completed
294,100,100.55,2024-08-10 00:00:00,refunded
295,100,199.61,2024-10-20 00:00:00,cancelled
296,100,247.62,2024-08-24 00:00:00,completed
297,101,-95.46,2023-05-11 00:00:00,completed
298,101,216.01,2023-06-29 00:00:00,completed
299,101,179.38,2024-01-28 00:00:00,refunded
300,101,39.07,2024-07-07 00:00:00,refunded
301,101,249.38,29/12/2023,pending
302,102,1661.92,2024-11-12 00:00:00,pending
303,102,2239.28,2024-11-04 00:00:00,refunded
304,102,992.55,2024-11-03 00:00:00,pending
305,102,1794.72,2024-09-09 00:00:00,cancelled
306,103,246.8,2024-12-10 00:00:00,cancelled
307,103,367.79,2024-08-23 00:00:00,cancelled
308,103,130.16,2024-08-09 00:00:00,completed
309,103,35.86,2024-12-21 00:00:00,
310,103,291.24,2024-11-15 00:00:00,cancelled
311,103,92.08,2024-09-30 00:00:00,cancelled
312,103,293.29,2024-11-16 00:00:00,completed
313,105,257.74,2022-10-03 00:00:00,cancelled
314,105,16.96,2023-02-14 00:00:00,completed
315,105,228.86,2024-03-31 00:00:00,pending
316,106,889.98,2024-06-26 00:00:00,completed
317,106,1894.27,2024-10-22 00:00:00,refunded
318,106,459.84,2024-11-28 00:00:00,cancelled
319,106,460.62,2024-07-01 00:00:00,refunded
320,107,98.05,2024-11-06 00:00:00,refunded
321,107,75.75,2024-10-09 00:00:00,refunded
322,107,28.85,2024-10-13 00:00:00,cancelled
323,107,87.07,2024-11-11 00:00:00,cancelled
324,107,194.42,2024-12-06 00:00:00,pending
325,107,171.04,20/11/2024,
326,109,30.46,2024-12-24 00:00:00,refunded
327,109,10.81,2023-08-09 00:00:00,completed
328,110,1613.3,2024-09-11 00:00:00,completed
329,111,143.69,2024-10-10 00:00:00,pending
330,111,166.82,2024-07-10 00:00:00,completed
331,111,174.59,2024-06-19 00:00:00,cancelled
332,111,98.79,2023-12-15 00:00:00,cancelled
333,112,125.47,2024-05-05 00:00:00,pending
334,113,585.05,2024-12-16 00:00:00,completed
335,115,195.42,2024-10-21 00:00:00,completed
336,115,167.83,2024-09-23 00:00:00,cancelled
337,115,131.27,2024-09-19 00:00:00,refunded
338,116,1373.32,2022-06-21 00:00:00,completed
339,116,1439.75,2022-10-04 00:00:00,cancelled
340,116,945.12,2022-08-02 00:00:00,cancelled
341,116,482.71,2023-03-20 00:00:00,completed
342,116,2246.33,2024-04-06 00:00:00,cancelled
343,117,261.54,2022-12-18 00:00:00,pending
344,118,482.83,2024-12-07 00:00:00,
345,118,396.01,2024-10-18 00:00:00,completed
346,119,2181.99,2024-04-16 00:00:00,pending
347,119,396.9,2024-06-14 00:00:00,completed
348,119,1639.53,2024-05-10 00:00:00,completed
349,120,1547.5,2024-04-24 00:00:00,completed
350,120,1558.29,2024-10-17 00:00:00,completed
351,120,1712.07,2024-09-15 00:00:00,cancelled
352,120,2099.25,2024-02-15 00:00:00,pending
353,121,953.0,2024-04-24 00:00:00,pending
354,122,188.38,2024-05-01 00:00:00,
355,122,33.85,2024-04-22 00:00:00,completed
356,122,1014.08,2024-10-15 00:00:00,refunded
357,122,576.76,2024-09-01 00:00:00,pending
358,122,903.57,2024-06-06 00:00:00,completed
359,122,708.2,2024-04-22 00:00:00,pending
360,123,246.76,2024-12-26 00:00:00,pending
361,123,52.46,2023-01-01 00:00:00,pending
362,124,2310.55,2024-12-08 00:00:00,completed
363,125,78.06,2024-12-13 00:00:00,completed
364,125,655.76,2024-12-21 00:00:00,completed
365,126,940.18,2024-12-28 00:00:00,cancelled
366,126,928.74,2024-12-28 00:00:00,pending
367,127,558.93,2024-11-17 00:00:00,pending
368,127,585.73,2022-10-07 00:00:00,pending
369,127,64.32,2022-09-28 00:00:00,completed
370,128,178.35,2024-09-10 00:00:00,cancelled
371,128,453.73,2024-04-11 00:00:00,pending
372,129,605.02,2024-06-21 00:00:00,refunded
373,129,328.59,2023-12-28 00:00:00,refunded
374,129,1144.35,2023-11-08 00:00:00,completed
375,129,966.54,2024-09-02 00:00:00,completed
376,129,1031.08,2024-08-14 00:00:00,refunded
377,129,921.44,2024-08-12 00:00:00,pending
378,129,44.51,2023-10-09 00:00:00,cancelled
379,129,54.91,2024-06-17 00:00:00,refunded
380,129,992.58,26/11/2023,cancelled
381,129,111.61,2024-07-10 00:00:00,cancelled
382,129,1183.97,2024-08-15 00:00:00,pending
383,129,1167.0,2024-09-03 00:00:00,cancelled
384,129,75.07,2024-07-05 00:00:00,cancelled
385,129,972.63,2024-08-21 00:00:00,pending
386,129,928.29,2024-04-24 00:00:00,pending
387,130,343.31,2024-06-02 00:00:00,cancelled
388,130,268.07,2024-05-31 00:00:00,completed
389,130,231.47,2023-10-30 00:00:00,cancelled
390,130,102.29,2023-03-12 00:00:00,refunded
391,130,63.59,2023-03-23 00:00:00,cancelled
392,131,105.59,2024-07-24 00:00:00,refunded
393,132,371.48,2024-12-01 00:00:00,completed
394,132,419.12,2024-10-08 00:00:00,cancelled
395,133,1681.35,2024-10-16 00:00:00,refunded
396,133,470.76,2024-08-04 00:00:00,cancelled
397,134,457.57,2023-09-29 00:00:00,refunded
398,134,374.43,2024-10-30 00:00:00,pending
399,134,222.54,2023-10-05 00:00:00,completed
400,134,477.85,2024-01-22 00:00:00,pending
401,134,206.23,2024-04-17 00:00:00,refunded
402,135,233.11,2024-10-14 00:00:00,pending
403,135,244.02,2024-12-25 00:00:00,cancelled
404,135,200.9,2024-06-04 00:00:00,refunded
405,135,39.16,2024-04-10 00:00:00,completed
406,135,92.56,2024-11-04 00:00:00,cancelled
407,135,196.41,2024-07-12 00:00:00,cancelled
408,136,488.16,2024-10-25 00:00:00,refunded
409,136,455.14,2024-10-21 00:00:00,cancelled
410,136,192.69,2024-12-02 00:00:00,cancelled
411,136,52.92,2024-12-24 00:00:00,refunded
412,137,242.74,2024-10-22 00:00:00,refunded
413,138,279.54,2022-11-28 00:00:00,refunded
414,138,-951.24,2024-02-28 00:00:00,completed
415,138,705.87,2022-12-30 00:00:00,pending
416,139,1047.37,2024-12-27 00:00:00,cancelled
417,139,213.68,2024-12-23 00:00:00,cancelled
418,139,536.02,2024-12-27 00:00:00,refunded
419,140,248.61,2024-05-06 00:00:00,completed
420,140,217.74,2024-04-07 00:00:00,refunded
421,140,145.94,2024-09-06 00:00:00,cancelled
422,140,174.85,2024-11-19 00:00:00,cancelled
423,141,84.68,2024-09-22 00:00:00,cancelled
424,141,961.74,2024-06-25 00:00:00,pending
425,141,357.54,2024-08-25 00:00:00,cancelled
426,141,192.76,2024-03-30 00:00:00,cancelled
427,141,150.46,2024-06-15 00:00:00,pending
428,141,1061.44,2024-12-18 00:00:00,completed
429,142,1224.82,2024-02-02 00:00:00,cancelled
430,143,-235.95,2024-01-22 00:00:00,cancelled
431,143,867.86,2022-12-09 00:00:00,cancelled
432,143,120.23,2022-10-07 00:00:00,refunded
433,143,599.63,22/06/2022,cancelled
434,143,983.4,2022-09-06 00:00:00,pending
435,143,136.2,2022-04-21 00:00:00,cancelled
436,143,981.48,2024-12-12 00:00:00,pending
437,143,672.83,2022-03-21 00:00:00,pending
438,145,461.03,2023-02-23 00:00:00,refunded
439,145,98.62,2022-11-05 00:00:00,cancelled
440,145,65.29,2023-09-09 00:00:00,cancelled
441,145,187.01,2024-09-06 00:00:00,cancelled
442,146,233.9,2024-07-19 00:00:00,cancelled
443,147,256.26,2024-10-07 00:00:00,completed
444,147,244.64,2024-08-06 00:00:00,refunded
445,148,200.63,2024-03-24 00:00:00,refunded
446,148,104.27,2024-04-18 00:00:00,pending
447,148,310.27,2024-03-25 00:00:00,refunded
448,148,752.22,2024-11-15 00:00:00,refunded
449,149,146.66,2024-11-27 00:00:00,refunded
450,149,471.78,2024-12-27 00:00:00,completed
451,149,486.32,2024-07-26 00:00:00,refunded
452,149,57.2,2024-12-26 00:00:00,completed
453,149,108.95,2024-11-16 00:00:00,refunded
454,149,277.84,2024-12-05 00:00:00,completed
455,149,164.13,2024-11-12 00:00:00,refunded
456,149,443.5,2024-10-05 00:00:00,pending
457,150,288.74,2023-09-03 00:00:00,refunded
458,150,285.51,2024-09-12 00:00:00,pending
459,150,312.3,2024-06-03 00:00:00,cancelled
460,151,420.1,2023-09-01 00:00:00,cancelled
461,151,196.48,2024-04-06 00:00:00,refunded
462,151,131.33,2023-12-29 00:00:00,cancelled
463,152,-46.6,2023-12-23 00:00:00,cancelled
464,152,-225.85,2024-12-20 00:00:00,cancelled
465,153,201.25,2024-08-13 00:00:00,completed
466,153,253.4,2024-04-15 00:00:00,cancelled
467,154,2125.97,2024-02-20 00:00:00,completed
468,156,202.13,2024-10-24 00:00:00,completed
469,156,21.48,2024-08-19 00:00:00,refunded
470,156,128.64,2024-09-03 00:00:00,cancelled
471,156,66.56,2024-10-24 00:00:00,refunded
472,156,216.36,2024-12-22 00:00:00,refunded
473,156,70.64,2024-11-27 00:00:00,refunded
474,156,94.25,2024-07-13 00:00:00,pending
475,156,105.51,2024-11-10 00:00:00,completed
476,156,163.28,2024-08-26 00:00:00,cancelled
477,156,52.02,2024-06-17 00:00:00,pending
478,156,108.39,2024-11-11 00:00:00,completed
479,156,166.37,2024-08-22 00:00:00,pending
480,156,18.56,2024-04-12 00:00:00,completed
481,156,224.71,2024-10-27 00:00:00,completed
482,156,32.42,2024-07-31 00:00:00,completed
483,157,253.26,2023-07-15 00:00:00,completed
484,157,417.84,2023-10-03 00:00:00,refunded
485,157,80.7,2023-06-11 00:00:00,pending
486,157,37.4,2024-06-25 00:00:00,cancelled
487,157,344.54,2024-02-29 00:00:00,cancelled
488,157,-190.19,2024-11-01 00:00:00,cancelled
489,158,1742.17,2024-12-22 00:00:00,pending
490,158,2262.73,2024-12-27 00:00:00,completed
491,158,2278.98,2024-12-22 00:00:00,refunded
492,158,778.69,2024-12-25 00:00:00,pending
493,158,1983.83,2024-12-28 00:00:00,cancelled
494,159,2319.92,2024-05-12 00:00:00,cancelled
495,159,1761.28,2023-08-28 00:00:00,completed
496,159,1160.49,2024-02-14 00:00:00,completed
497,160,383.43,2024-04-30 00:00:00,refunded
498,160,436.66,2022-11-04 00:00:00,pending
499,161,219.01,2023-09-19 00:00:00,pending
500,161,74.04,2024-08-13 00:00:00,completed
501,162,723.73,2024-10-24 00:00:00,completed
502,162,305.17,2024-02-03 00:00:00,completed
503,162,85.98,2022-10-22 00:00:00,refunded
504,162,-1185.37,2022-10-24 00:00:00,completed
505,162,580.79,2024-12-08 00:00:00,refunded
506,162,1021.43,2024-10-01 00:00:00,cancelled
507,163,289.07,2023-12-21 00:00:00,cancelled
508,163,203.78,2024-07-05 00:00:00,cancelled
509,163,477.81,2022-12-26 00:00:00,refunded
510,163,512.0,2024-03-25 00:00:00,pending
511,163,114.49,2023-01-03 00:00:00,completed
512,164,-1175.67,2024-12-15 00:00:00,completed
513,164,847.3,2024-05-13 00:00:00,pending
514,165,125.75,2024-10-03 00:00:00,cancelled
515,165,111.07,2024-10-10 00:00:00,cancelled
516,166,941.08,2024-04-26 00:00:00,refunded
517,166,658.29,2024-04-09 00:00:00,refunded
518,166,705.7,2023-12-15 00:00:00,refunded
519,166,601.05,2023-08-19 00:00:00,pending
520,166,74.97,2024-12-01 00:00:00,cancelled
521,167,217.39,2024-05-29 00:00:00,completed
522,168,648.2,2024-12-25 00:00:00,cancelled
523,168,669.37,2022-11-23 00:00:00,pending
524,168,-140.52,2024-10-12 00:00:00,cancelled
525,168,482.61,2023-12-27 00:00:00,completed
526,168,832.94,2024-11-12 00:00:00,refunded
527,169,165.76,2022-12-29 00:00:00,refunded
528,169,36.68,2024-06-19 00:00:00,completed
529,170,1191.08,2024-11-11 00:00:00,refunded
530,170,134.26,2024-10-04 00:00:00,pending
531,170,213.81,2024-12-08 00:00:00,cancelled
532,170,1132.07,2024-09-11 00:00:00,pending
533,171,1109.63,2024-11-19 00:00:00,refunded
534,172,310.8,2024-03-16 00:00:00,refunded
535,172,341.46,2024-05-04 00:00:00,pending
536,174,2272.66,2024-02-05 00:00:00,refunded
537,174,2111.77,2024-05-28 00:00:00,refunded
538,174,1307.87,2024-01-19 00:00:00,refunded
539,175,674.41,2024-04-02 00:00:00,
540,175,489.9,2024-05-27 00:00:00,pending
541,175,779.24,2024-09-28 00:00:00,refunded
542,175,2418.46,2024-03-26 00:00:00,pending
543,175,2185.46,2024-02-13 00:00:00,
544,177,174.49,2023-10-14 00:00:00,refunded
545,177,170.08,2024-06-06 00:00:00,refunded
546,177,32.42,2023-01-11 00:00:00,completed
547,177,163.91,2023-11-04 00:00:00,pending
548,178,387.16,2024-02-29 00:00:00,
549,179,570.45,2024-12-24 00:00:00,refunded
550,180,1041.08,2024-03-04 00:00:00,
551,181,-2129.11,2024-02-27 00:00:00,cancelled
552,181,2341.44,15/09/2024,refunded
553,181,823.83,2024-08-10 00:00:00,completed
554,181,1262.23,2023-04-27 00:00:00,cancelled
555,182,178.49,2024-06-20 00:00:00,pending
556,182,428.19,2024-08-27 00:00:00,refunded
557,182,418.21,2024-05-24 00:00:00,cancelled
558,182,111.53,2024-09-06 00:00:00,completed
559,183,199.4,2022-08-07 00:00:00,refunded
560,183,92.9,2022-05-14 00:00:00,cancelled
561,183,128.35,2024-10-27 00:00:00,completed
562,184,681.66,2023-10-18 00:00:00,cancelled
563,184,705.35,2023-12-29 00:00:00,pending
564,184,1780.69,2022-09-21 00:00:00,refunded
565,185,308.73,2024-12-13 00:00:00,completed
566,185,67.85,2024-12-18 00:00:00,pending
567,185,383.36,2024-10-31 00:00:00,refunded
568,185,411.39,2024-10-03 00:00:00,completed
569,185,130.2,2024-07-11 00:00:00,refunded
570,185,360.45,2024-10-13 00:00:00,refunded
571,185,216.64,2024-11-22 00:00:00,pending
572,186,131.46,2024-12-19 00:00:00,cancelled
573,186,202.53,2024-08-03 00:00:00,completed
574,186,111.35,2023-01-15 00:00:00,refunded
575,186,19.16,2024-03-10 00:00:00,cancelled
576,186,181.78,2023-06-07 00:00:00,
577,187,353.14,2024-12-13 00:00:00,refunded
578,187,329.5,2024-12-28 00:00:00,cancelled
579,187,-441.68,2024-12-15 00:00:00,completed
580,188,132.52,2022-08-25 00:00:00,cancelled
581,188,-190.48,2023-04-01 00:00:00,pending
582,188,64.13,2023-01-07 00:00:00,cancelled
583,188,211.19,2022-06-18 00:00:00,cancelled
584,189,114.94,2023-03-11 00:00:00,completed
585,189,143.57,2024-06-21 00:00:00,pending
586,189,145.33,2024-11-05 00:00:00,pending
587,189,131.53,2023-10-05 00:00:00,pending
588,190,25.08,2024-10-09 00:00:00,completed
589,190,95.48,2024-04-21 00:00:00,refunded
590,190,148.15,2024-07-26 00:00:00,refunded
591,190,206.83,2024-10-12 00:00:00,pending
592,191,2165.02,2024-06-13 00:00:00,completed
593,191,2362.97,2023-12-14 00:00:00,cancelled
594,191,346.12,2023-11-20 00:00:00,cancelled
595,191,-792.99,2024-04-03 00:00:00,refunded
596,191,169.2,2024-04-27 00:00:00,cancelled
597,191,55.11,2024-06-01 00:00:00,cancelled
598,191,1436.12,2024-03-01 00:00:00,cancelled
599,192,77.88,2024-12-28 00:00:00,refunded
600,192,169.36,2024-12-24 00:00:00,refunded
601,192,479.46,2024-09-27 00:00:00,refunded
602,193,159.38,2024-12-11 00:00:00,cancelled
603,193,239.02,2024-11-17 00:00:00,completed
604,193,224.73,2024-12-07 00:00:00,completed
605,193,197.76,2024-11-22 00:00:00,pending
606,195,1034.4,2024-09-05 00:00:00,completed
607,195,1066.59,2024-07-31 00:00:00,cancelled
608,195,461.98,2024-10-31 00:00:00,pending
609,196,92.9,2024-12-28 00:00:00,cancelled
610,196,166.82,2024-08-02 00:00:00,refunded
611,196,35.42,2024-08-07 00:00:00,pending
612,196,198.67,2024-11-14 00:00:00,completed
613,196,247.24,24/07/2024,refunded
614,196,482.1,2024-11-26 00:00:00,completed
615,196,288.44,2024-09-23 00:00:00,refunded
616,197,1374.08,2024-08-02 00:00:00,pending
617,197,1156.77,2024-11-03 00:00:00,completed
618,197,2431.6,2024-12-23 00:00:00,completed
619,197,2106.74,2024-05-31 00:00:00,refunded
620,197,739.21,2024-10-11 00:00:00,pending
621,197,1761.15,2024-08-13 00:00:00,pending
622,197,1545.59,2024-05-10 00:00:00,cancelled
623,198,231.83,2024-11-21 00:00:00,pending
624,198,170.94,2024-08-02 00:00:00,
625,198,339.63,2022-12-07 00:00:00,refunded
626,198,273.68,2024-01-04 00:00:00,completed
627,198,339.4,2024-02-26 00:00:00,cancelled
628,198,96.82,2023-12-29 00:00:00,completed
629,198,118.55,2022-12-07 00:00:00,completed
630,199,155.29,2024-11-11 00:00:00,cancelled
631,200,-73.79,2022-12-05 00:00:00,pending
632,200,218.13,2023-02-19 00:00:00,refunded
633,200,172.18,2024-09-16 00:00:00,pending
634,200,233.72,2023-07-21 00:00:00,pending
635,200,10.66,22/09/2024,cancelled
636,200,162.04,2024-01-09 00:00:00,completed
637,200,72.14,2023-12-19 00:00:00,refunded
638,201,730.94,2024-05-11 00:00:00,refunded
639,201,250.43,2024-07-23 00:00:00,completed
640,201,232.38,2024-12-30 00:00:00,pending
641,201,286.98,2024-10-06 00:00:00,
642,202,65.55,2023-07-24 00:00:00,refunded
643,202,132.32,2024-01-11 00:00:00,pending
644,202,158.21,2022-09-10 00:00:00,completed
645,202,223.07,2023-11-30 00:00:00,completed
646,202,78.86,2022-06-19 00:00:00,refunded
647,202,213.23,2023-10-23 00:00:00,refunded
648,203,315.76,2024-07-13 00:00:00,refunded
649,203,59.63,2024-06-23 00:00:00,completed
650,203,16.02,2023-10-02 00:00:00,completed
651,204,135.58,2024-12-16 00:00:00,refunded
652,205,39.64,2022-09-30 00:00:00,cancelled
653,206,221.88,2024-12-21 00:00:00,pending
654,206,242.72,2024-10-27 00:00:00,pending
655,207,446.17,2024-07-16 00:00:00,pending
656,207,843.13,2023-11-20 00:00:00,refunded
657,207,779.73,2024-04-18 00:00:00,refunded
658,207,632.52,2023-06-23 00:00:00,completed
659,207,317.8,2023-12-15 00:00:00,cancelled
660,208,469.45,2022-07-01 00:00:00,completed
661,208,263.14,2023-09-18 00:00:00,
662,208,293.21,2022-12-20 00:00:00,cancelled
663,208,265.08,2022-12-24 00:00:00,pending
664,208,193.12,2024-05-18 00:00:00,completed
665,209,1669.23,2024-03-14 00:00:00,refunded
666,209,1997.5,2022-11-05 00:00:00,pending
667,210,324.57,2024-11-22 00:00:00,completed
668,210,992.25,2024-05-31 00:00:00,cancelled
669,211,242.25,2024-07-29 00:00:00,refunded
670,212,92.04,2024-08-25 00:00:00,refunded
671,212,264.26,2024-12-14 00:00:00,pending
672,212,242.14,2024-12-13 00:00:00,refunded
673,212,117.57,2024-10-01 00:00:00,pending
674,213,144.99,2024-03-04 00:00:00,cancelled
675,213,113.9,2024-01-22 00:00:00,cancelled
676,214,1195.5,2024-11-11 00:00:00,refunded
677,214,489.94,2024-04-07 00:00:00,pending
678,215,653.17,2023-09-03 00:00:00,completed
679,215,466.29,2022-06-20 00:00:00,pending
680,216,103.41,2024-07-20 00:00:00,pending
681,216,14.18,2024-07-13 00:00:00,cancelled
682,216,412.71,2024-09-25 00:00:00,completed
683,216,434.08,2024-05-17 00:00:00,pending
684,217,140.39,2024-08-31 00:00:00,refunded
685,217,212.22,2023-05-05 00:00:00,refunded
686,217,213.97,2023-09-22 00:00:00,completed
687,218,637.26,2022-08-08 00:00:00,cancelled
688,218,959.48,2023-09-16 00:00:00,
689,218,213.27,2022-12-19 00:00:00,cancelled
690,218,1087.01,2024-03-08 00:00:00,refunded
691,218,606.6,2023-02-07 00:00:00,cancelled
692,218,-234.99,2022-11-02 00:00:00,pending
693,219,2282.8,2024-07-15 00:00:00,refunded
694,222,170.12,2023-02-22 00:00:00,refunded
695,222,244.34,2024-07-11 00:00:00,completed
696,222,161.78,2023-05-03 00:00:00,refunded
697,223,863.92,2024-10-11 00:00:00,cancelled
698,224,2028.54,2024-09-27 00:00:00,cancelled
699,224,145.76,2024-08-28 00:00:00,completed
700,224,1008.17,2023-11-17 00:00:00,pending
701,224,1171.68,2024-04-03 00:00:00,pending
702,224,637.25,2023-03-02 00:00:00,pending
703,225,1138.2,2023-10-24 00:00:00,refunded
704,225,950.36,2023-06-02 00:00:00,cancelled
705,225,591.16,2023-04-30 00:00:00,completed
706,225,938.8,2024-03-01 00:00:00,
707,225,425.71,2023-08-02 00:00:00,refunded
708,225,899.14,2023-11-19 00:00:00,refunded
709,226,307.42,2022-06-19 00:00:00,pending
710,228,143.89,2024-11-15 00:00:00,refunded
711,228,270.83,2024-11-13 00:00:00,refunded
712,228,334.64,2024-10-09 00:00:00,completed
713,228,33.85,2022-12-27 00:00:00,refunded
714,229,44.65,2022-08-29 00:00:00,completed
715,230,2398.93,2022-12-26 00:00:00,completed
716,230,157.83,2022-11-02 00:00:00,completed
717,230,557.44,2024-02-13 00:00:00,refunded
718,230,842.25,2023-05-15 00:00:00,completed
719,231,831.0,2022-08-07 00:00:00,cancelled
720,231,528.59,2023-01-10 00:00:00,refunded
721,231,722.28,2024-10-18 00:00:00,cancelled
722,232,2315.16,2024-12-02 00:00:00,pending
723,232,2446.15,2023-11-29 00:00:00,
724,232,986.81,11/04/2024,pending
725,232,1560.05,2023-01-29 00:00:00,completed
726,233,77.4,2023-10-15 00:00:00,refunded
727,233,126.65,2023-10-04 00:00:00,refunded
728,233,395.62,2024-08-09 00:00:00,completed
729,234,122.21,2022-07-05 00:00:00,cancelled
730,234,494.3,2024-04-21 00:00:00,pending
731,235,41.66,2024-12-28 00:00:00,refunded
732,235,469.75,2024-12-28 00:00:00,pending
733,236,129.32,2022-12-01 00:00:00,refunded
734,236,108.88,2022-12-10 00:00:00,pending
735,236,71.61,2022-10-27 00:00:00,refunded
736,236,120.32,2022-09-22 00:00:00,refunded
737,236,-238.67,2024-07-21 00:00:00,refunded
738,236,227.08,2024-05-20 00:00:00,cancelled
739,237,799.33,2024-10-13 00:00:00,cancelled
740,237,1801.42,13/11/2023,pending
741,238,193.39,2024-09-16 00:00:00,refunded
742,238,198.18,2024-03-20 00:00:00,cancelled
743,238,496.31,2023-09-30 00:00:00,completed
744,239,1939.61,2023-01-19 00:00:00,cancelled
745,239,191.38,2024-04-15 00:00:00,refunded
746,241,879.4,2024-08-20 00:00:00,pending
747,241,-328.08,2024-10-17 00:00:00,pending
748,241,512.14,2024-11-19 00:00:00,completed
749,241,334.77,2024-11-30 00:00:00,cancelled
750,241,924.07,2024-10-30 00:00:00,completed
751,242,376.88,2024-07-13 00:00:00,
752,242,10.77,2024-09-08 00:00:00,completed
753,242,369.19,2024-07-18 00:00:00,pending
754,242,99.17,2024-09-07 00:00:00,completed
755,242,377.46,2024-05-21 00:00:00,pending
756,243,317.53,2024-08-23 00:00:00,pending
757,243,888.27,2023-01-27 00:00:00,pending
758,243,701.9,2023-01-24 00:00:00,completed
759,244,194.08,2024-07-26 00:00:00,cancelled
760,245,172.06,2024-11-23 00:00:00,cancelled
761,245,97.72,2024-12-01 00:00:00,completed
762,247,-1826.79,2023-07-16 00:00:00,pending
763,247,1891.03,2024-05-16 00:00:00,pending
764,247,-1311.54,2023-09-29 00:00:00,pending
765,247,90.74,2023-04-25 00:00:00,cancelled
766,247,1138.55,2024-04-24 00:00:00,refunded
767,248,246.78,2024-01-01 00:00:00,completed
768,248,218.12,2023-01-25 00:00:00,completed
769,249,2468.69,2024-05-06 00:00:00,refunded
770,249,1374.64,2024-08-31 00:00:00,pending
771,249,308.4,2023-01-22 00:00:00,completed
772,249,736.88,2024-12-15 00:00:00,cancelled
773,250,1359.63,2024-12-24 00:00:00,refunded
774,250,1461.13,2024-12-25 00:00:00,completed
775,250,1826.32,2024-11-30 00:00:00,refunded
776,250,322.89,2024-09-08 00:00:00,cancelled
777,251,362.17,20/04/2024,cancelled
778,253,500.48,2024-12-27 00:00:00,refunded
779,253,179.73,2024-11-05 00:00:00,
780,253,202.26,2023-07-02 00:00:00,cancelled
781,254,376.06,2024-09-16 00:00:00,completed
782,254,143.99,2024-09-13 00:00:00,refunded
783,254,194.59,2024-12-30 00:00:00,cancelled
784,255,353.2,2024-06-12 00:00:00,completed
785,255,156.56,2024-09-05 00:00:00,pending
786,255,495.25,2024-10-17 00:00:00,refunded
787,255,353.54,2024-05-27 00:00:00,refunded
788,255,426.41,2024-03-16 00:00:00,cancelled
789,255,152.63,2024-10-22 00:00:00,pending
790,256,365.72,2024-04-07 00:00:00,completed
791,256,342.93,2024-05-10 00:00:00,pending
792,256,473.08,2024-01-04 00:00:00,completed
793,256,317.22,2023-12-20 00:00:00,refunded
794,257,477.73,2024-01-08 00:00:00,refunded
795,257,391.09,2022-08-07 00:00:00,refunded
796,258,-174.51,2023-03-15 00:00:00,pending
797,259,1996.14,2023-09-30 00:00:00,pending
798,259,1449.99,2024-04-26 00:00:00,completed
799,260,2041.53,2024-03-09 00:00:00,completed
800,260,1246.98,2024-05-12 00:00:00,completed
801,260,-492.63,2023-10-14 00:00:00,pending
802,262,222.48,2024-11-06 00:00:00,cancelled
803,262,390.76,23/08/2024,pending
804,262,81.55,2024-05-09 00:00:00,cancelled
805,263,456.28,2024-11-26 00:00:00,cancelled
806,263,126.18,2023-07-25 00:00:00,pending
807,263,305.05,2023-10-25 00:00:00,pending
808,263,46.44,2024-08-15 00:00:00,cancelled
809,264,341.5,2023-06-26 00:00:00,pending
810,264,351.43,2024-07-18 00:00:00,pending
811,264,306.42,2024-03-15 00:00:00,refunded
812,265,1528.84,2024-12-30 00:00:00,completed
813,265,211.6,2023-06-08 00:00:00,completed
814,266,720.43,2023-07-09 00:00:00,completed
815,266,1967.7,2023-03-07 00:00:00,completed
816,266,284.07,2024-04-04 00:00:00,cancelled
817,266,292.71,2024-08-03 00:00:00,completed
818,266,2024.91,08/11/2023,refunded
819,267,332.21,2022-10-08 00:00:00,pending
820,267,323.2,2024-05-13 00:00:00,cancelled
821,267,234.32,2024-04-24 00:00:00,refunded
822,268,132.55,2024-08-22 00:00:00,pending
823,268,193.79,2024-08-17 00:00:00,completed
824,270,1871.35,2024-08-09 00:00:00,
825,270,2334.48,2024-11-26 00:00:00,pending
826,270,-1759.81,2024-12-02 00:00:00,refunded
827,272,377.34,2024-08-21 00:00:00,pending
828,272,345.2,2024-08-18 00:00:00,completed
829,273,226.43,2024-12-24 00:00:00,pending
830,273,108.57,2024-11-24 00:00:00,refunded
831,273,208.77,2024-12-06 00:00:00,completed
832,273,185.82,2024-11-21 00:00:00,refunded
833,273,207.3,2024-12-23 00:00:00,completed
834,276,458.52,2024-09-09 00:00:00,completed
835,276,149.14,2024-04-14 00:00:00,refunded
836,276,-176.71,2024-11-06 00:00:00,refunded
837,277,156.65,2024-04-15 00:00:00,refunded
838,277,331.58,2024-06-20 00:00:00,refunded
839,277,442.95,2024-03-30 00:00:00,pending
840,278,451.49,2024-11-14 00:00:00,pending
841,278,68.21,2024-10-29 00:00:00,refunded
842,279,639.78,2024-12-24 00:00:00,refunded
843,279,215.54,2024-12-16 00:00:00,completed
844,280,371.34,2024-10-22 00:00:00,refunded
845,280,131.4,2024-05-03 00:00:00,pending
846,281,2485.93,2024-10-31 00:00:00,pending
847,282,1767.81,2022-08-12 00:00:00,pending
848,282,611.99,2022-09-28 00:00:00,pending
849,282,1094.44,2022-09-25 00:00:00,pending
850,282,1765.39,2023-03-08 00:00:00,pending
851,283,79.55,2022-04-22 00:00:00,cancelled
852,283,83.36,2023-05-27 00:00:00,
853,284,603.27,2024-11-05 00:00:00,completed
854,284,397.84,2024-11-17 00:00:00,completed
855,285,1866.17,2024-08-10 00:00:00,cancelled
856,286,56.46,2023-07-09 00:00:00,refunded
857,287,743.54,2022-04-02 00:00:00,pending
858,287,394.31,2023-12-11 00:00:00,refunded
859,287,181.59,2022-04-07 00:00:00,refunded
860,288,2439.06,2024-11-09 00:00:00,cancelled
861,288,1232.91,2023-06-24 00:00:00,completed
862,288,161.34,2024-02-06 00:00:00,completed
863,288,1262.81,2024-05-27 00:00:00,completed
864,288,1032.08,2024-05-19 00:00:00,
865,289,2203.93,2022-08-29 00:00:00,refunded
866,289,776.09,2023-04-02 00:00:00,cancelled
867,289,765.02,2023-04-20 00:00:00,pending
868,290,162.39,2022-07-09 00:00:00,pending
869,290,90.13,2024-03-12 00:00:00,cancelled
870,290,181.91,2023-02-12 00:00:00,refunded
871,290,204.9,2024-02-17 00:00:00,cancelled
872,290,136.66,2022-06-03 00:00:00,completed
873,291,1604.05,2024-01-02 00:00:00,pending
874,291,1593.01,2023-11-17 00:00:00,refunded
875,292,55.91,2024-12-28 00:00:00,pending
876,292,472.24,2024-12-29 00:00:00,
877,293,867.02,2024-05-07 00:00:00,pending
878,294,59.11,2024-09-02 00:00:00,pending
879,294,198.16,2024-08-07 00:00:00,completed
880,294,74.77,2023-08-31 00:00:00,completed
881,294,479.23,2023-07-27 00:00:00,completed
882,294,109.14,2023-10-13 00:00:00,refunded
883,294,172.56,2024-05-27 00:00:00,pending
884,295,1035.53,2024-03-01 00:00:00,completed
885,295,-198.75,2024-09-19 00:00:00,pending
886,295,301.71,2024-07-15 00:00:00,refunded
887,296,120.02,2024-09-10 00:00:00,cancelled
888,296,463.1,2024-12-23 00:00:00,completed
889,296,174.07,2024-11-02 00:00:00,pending
890,297,150.63,2024-11-20 00:00:00,completed
891,297,407.25,2024-07-01 00:00:00,completed
892,298,166.93,2024-04-14 00:00:00,refunded
893,298,65.45,2024-03-04 00:00:00,refunded
894,298,99.12,2024-04-04 00:00:00,refunded
895,298,304.85,2024-08-28 00:00:00,cancelled
896,299,253.58,2023-12-13 00:00:00,refunded
897,299,360.31,14/01/2024,pending
898,300,93.79,2023-03-27 00:00:00,refunded
899,300,93.41,2024-03-01 00:00:00,pending
900,300,64.41,2024-05-14 00:00:00,pending
901,300,97.48,2023-08-03 00:00:00,completed
902,300,167.37,2023-06-26 00:00:00,completed
903,300,94.48,2023-08-07 00:00:00,
904,300,41.68,2024-05-09 00:00:00,pending
905,300,120.2,10/01/2024,cancelled
906,300,43.19,2023-07-01 00:00:00,completed
907,300,209.01,2024-04-18 00:00:00,refunded
908,301,217.6,2023-10-13 00:00:00,pending
909,301,374.14,2023-07-01 00:00:00,refunded
910,301,306.49,2024-09-17 00:00:00,completed
911,302,226.91,2024-07-18 00:00:00,cancelled
912,302,-469.31,2024-02-14 00:00:00,cancelled
913,302,284.59,2024-02-08 00:00:00,completed
914,303,127.76,2024-08-27 00:00:00,completed
915,303,32.38,2024-12-20 00:00:00,cancelled
916,303,479.78,2024-10-30 00:00:00,pending
917,304,144.29,2024-09-15 00:00:00,refunded
918,305,297.72,2023-03-02 00:00:00,refunded
919,305,84.25,2023-07-21 00:00:00,refunded
920,305,443.36,2023-10-01 00:00:00,pending
921,305,496.22,2024-07-18 00:00:00,cancelled
922,306,148.03,2024-06-30 00:00:00,refunded
923,306,1438.91,2024-02-09 00:00:00,
924,306,1390.48,2024-04-29 00:00:00,completed
925,307,147.26,2024-01-26 00:00:00,cancelled
926,307,136.39,2024-08-14 00:00:00,refunded
927,308,-35.37,2024-12-18 00:00:00,refunded
928,308,156.82,2024-09-24 00:00:00,pending
929,308,96.55,2023-03-18 00:00:00,refunded
930,308,15.46,2024-03-29 00:00:00,completed
931,308,42.87,2022-05-09 00:00:00,completed
932,308,59.65,2022-07-14 00:00:00,refunded
933,309,63.47,2024-08-23 00:00:00,pending
934,309,107.74,2024-06-19 00:00:00,cancelled
935,309,354.12,2023-03-25 00:00:00,refunded
936,310,809.27,2024-11-10 00:00:00,cancelled
937,310,1172.16,2024-11-04 00:00:00,cancelled
938,310,1088.33,2024-11-14 00:00:00,refunded
939,310,360.53,2024-11-05 00:00:00,completed
940,310,287.28,2024-12-04 00:00:00,cancelled
941,310,443.97,2024-11-28 00:00:00,cancelled
942,311,197.05,2024-12-23 00:00:00,refunded
943,311,142.42,2024-09-27 00:00:00,pending
944,311,-167.7,2024-11-06 00:00:00,cancelled
945,312,328.34,2024-01-20 00:00:00,refunded
946,312,2089.65,2024-12-05 00:00:00,pending
947,312,585.63,2023-08-29 00:00:00,pending
948,313,112.78,23/10/2023,pending
949,313,17.93,2023-11-08 00:00:00,cancelled
950,314,1064.43,2023-09-20 00:00:00,cancelled
951,314,872.78,2024-08-02 00:00:00,pending
952,314,1379.77,2022-11-24 00:00:00,refunded
953,315,156.99,2024-06-02 00:00:00,completed
954,315,9.02,2024-04-10 00:00:00,refunded
955,315,29.43,2023-12-24 00:00:00,refunded
956,316,596.05,2023-07-21 00:00:00,refunded
957,316,909.0,2023-04-23 00:00:00,refunded
958,316,68.63,2024-01-26 00:00:00,cancelled
959,316,698.02,2024-10-21 00:00:00,
960,316,88.05,2023-01-19 00:00:00,pending
961,317,174.19,2024-12-22 00:00:00,refunded
962,317,202.73,2024-12-27 00:00:00,completed
963,317,201.3,2024-12-27 00:00:00,pending
964,317,58.79,2024-12-20 00:00:00,pending
965,318,1147.92,2024-01-08 00:00:00,pending
966,318,-39.13,2023-06-27 00:00:00,pending
967,318,725.45,2022-06-25 00:00:00,completed
968,318,977.55,2024-01-12 00:00:00,pending
969,318,1054.56,2023-10-06 00:00:00,refunded
970,319,21.34,2024-08-23 00:00:00,completed
971,319,148.41,2023-12-18 00:00:00,pending
972,319,111.91,2024-12-09 00:00:00,
973,319,47.39,2024-08-22 00:00:00,refunded
974,319,-88.94,2024-11-23 00:00:00,cancelled
975,319,428.86,2024-08-12 00:00:00,completed
976,320,12.46,2024-06-10 00:00:00,cancelled
977,320,263.82,2023-09-16 00:00:00,pending
978,320,170.49,2023-09-20 00:00:00,pending
979,321,238.54,2024-06-07 00:00:00,cancelled
980,321,111.84,2024-11-05 00:00:00,refunded
981,322,738.65,2024-06-08 00:00:00,refunded
982,322,1995.54,2022-11-21 00:00:00,refunded
983,322,2048.94,2023-03-10 00:00:00,completed
984,322,2249.84,2023-06-22 00:00:00,completed
985,322,1487.83,2023-02-19 00:00:00,cancelled
986,323,61.68,2024-11-20 00:00:00,pending
987,323,113.98,2024-11-01 00:00:00,cancelled
988,323,868.16,2024-11-10 00:00:00,cancelled
989,324,497.35,2024-03-22 00:00:00,pending
990,325,116.66,2024-09-29 00:00:00,refunded
991,325,266.48,2023-06-02 00:00:00,refunded
992,325,579.66,2023-03-19 00:00:00,cancelled
993,327,247.05,2024-03-11 00:00:00,refunded
994,327,229.92,2024-01-28 00:00:00,
995,327,201.62,2024-11-26 00:00:00,cancelled
996,327,194.78,2024-02-20 00:00:00,refunded
997,328,-1057.77,30/04/2024,completed
998,328,1242.09,2024-04-21 00:00:00,refunded
999,328,1024.78,2024-09-03 00:00:00,completed
1000,329,167.61,2024-12-06 00:00:00,cancelled
1001,329,979.91,2024-12-28 00:00:00,pending
1002,329,2161.64,2024-12-13 00:00:00,refunded
1003,329,1465.82,2024-12-10 00:00:00,refunded
1004,330,963.6,2023-09-05 00:00:00,completed
1005,331,350.53,07/11/2024,completed
1006,331,239.39,2024-11-08 00:00:00,refunded
1007,331,383.19,2024-12-26 00:00:00,cancelled
1008,332,308.87,2024-11-02 00:00:00,pending
1009,333,109.48,2024-05-27 00:00:00,refunded
1010,333,476.23,2024-02-12 00:00:00,completed
1011,333,18.13,2024-01-09 00:00:00,
1012,333,182.46,2024-04-26 00:00:00,completed
1013,333,204.49,2023-11-24 00:00:00,refunded
1014,335,105.03,2024-04-21 00:00:00,pending
1015,335,264.12,2024-07-03 00:00:00,completed
1016,335,66.44,2023-09-26 00:00:00,completed
1017,336,881.9,2024-11-30 00:00:00,refunded
1018,336,631.59,2023-12-05 00:00:00,pending
1019,337,140.45,2024-10-19 00:00:00,refunded
1020,337,411.01,2024-11-09 00:00:00,completed
1021,337,840.89,2024-10-20 00:00:00,refunded
1022,339,7.38,2024-12-10 00:00:00,cancelled
1023,339,120.78,2024-07-08 00:00:00,completed
1024,339,60.93,2024-12-05 00:00:00,pending
1025,339,185.37,2024-11-27 00:00:00,refunded
1026,340,188.5,2023-03-10 00:00:00,completed
1027,340,389.52,2023-12-06 00:00:00,refunded
1028,340,82.47,2022-07-15 00:00:00,refunded
1029,340,25.14,2023-11-15 00:00:00,refunded
1030,341,2415.36,2024-05-23 00:00:00,refunded
1031,341,2225.59,2024-09-23 00:00:00,refunded
1032,341,150.69,2024-07-04 00:00:00,cancelled
1033,341,756.6,2024-09-22 00:00:00,completed
1034,341,1331.81,2024-06-13 00:00:00,cancelled
1035,341,-208.31,2024-08-23 00:00:00,cancelled
1036,341,-180.32,2024-05-31 00:00:00,cancelled
1037,343,1973.9,2024-05-01 00:00:00,pending
1038,344,741.9,2024-01-03 00:00:00,completed
1039,344,1019.34,2023-06-29 00:00:00,refunded
1040,344,1152.24,2023-07-12 00:00:00,cancelled
1041,344,195.49,2024-06-01 00:00:00,pending
1042,345,1438.33,2023-05-19 00:00:00,refunded
1043,345,285.3,2023-10-09 00:00:00,refunded
1044,346,219.56,2024-06-02 00:00:00,refunded
1045,346,479.17,2023-12-17 00:00:00,refunded
1046,347,1304.91,2024-09-01 00:00:00,pending
1047,347,1900.57,2023-12-06 00:00:00,refunded
1048,347,2193.53,2024-12-03 00:00:00,refunded
1049,347,312.27,2024-10-06 00:00:00,completed
1050,348,186.42,2024-07-05 00:00:00,completed
1051,348,38.42,2024-10-08 00:00:00,pending
1052,348,202.38,2024-06-05 00:00:00,
1053,348,132.36,2024-07-04 00:00:00,pending
1054,348,100.72,2024-09-25 00:00:00,completed
1055,349,412.63,2023-06-27 00:00:00,refunded
1056,350,198.57,2023-07-26 00:00:00,pending
1057,350,613.57,2024-05-19 00:00:00,cancelled
1058,350,362.1,2024-12-01 00:00:00,refunded
1059,351,744.38,2023-10-18 00:00:00,
1060,351,1643.53,2024-08-29 00:00:00,refunded
1061,352,117.3,2024-12-29 00:00:00,completed
1062,352,56.64,2024-05-18 00:00:00,refunded
1063,352,181.21,2024-10-21 00:00:00,cancelled
1064,353,2312.52,2024-07-08 00:00:00,completed
1065,353,1534.31,2024-10-02 00:00:00,pending
1066,353,685.1,2024-10-30 00:00:00,cancelled
1067,353,215.55,2024-08-28 00:00:00,completed
1068,354,243.44,2024-11-15 00:00:00,pending
1069,355,220.79,2024-10-27 00:00:00,refunded
1070,356,141.67,2024-10-24 00:00:00,completed
1071,356,2312.7,2024-10-13 00:00:00,cancelled
1072,356,1455.76,2024-12-30 00:00:00,pending
1073,357,556.73,2023-01-30 00:00:00,
1074,360,930.92,2023-09-04 00:00:00,refunded
1075,361,632.81,2024-10-22 00:00:00,pending
1076,361,1070.44,2024-11-23 00:00:00,completed
1077,361,120.73,2024-12-03 00:00:00,cancelled
1078,361,430.38,2024-11-04 00:00:00,pending
1079,362,21.65,2024-02-29 00:00:00,pending
1080,362,233.29,2024-08-11 00:00:00,cancelled
1081,363,1172.74,2024-04-20 00:00:00,cancelled
1082,364,19.55,2024-11-26 00:00:00,pending
1083,365,313.63,2023-07-29 00:00:00,completed
1084,365,448.66,2023-07-02 00:00:00,completed
1085,365,1112.21,2023-08-17 00:00:00,refunded
1086,365,633.33,2023-07-02 00:00:00,pending
1087,366,-102.54,2024-02-23 00:00:00,completed
1088,366,1720.76,2024-07-27 00:00:00,completed
1089,366,1102.81,2023-11-10 00:00:00,refunded
1090,366,911.88,2024-07-15 00:00:00,cancelled
1091,366,606.46,2023-07-15 00:00:00,
1092,367,94.4,2024-11-25 00:00:00,refunded
1093,367,1247.66,2024-12-06 00:00:00,pending
1094,367,118.56,2024-11-25 00:00:00,pending
1095,367,568.34,2024-12-05 00:00:00,cancelled
1096,367,670.38,2024-12-06 00:00:00,cancelled
1097,368,889.24,2023-09-03 00:00:00,refunded
1098,368,307.41,2023-12-25 00:00:00,pending
1099,370,164.23,2024-11-15 00:00:00,
1100,371,991.23,2024-07-14 00:00:00,completed
1101,371,2163.79,2022-12-09 00:00:00,refunded
1102,372,-89.02,2024-06-09 00:00:00,cancelled
1103,372,770.71,2024-12-19 00:00:00,cancelled
1104,372,290.27,2024-07-09 00:00:00,completed
1105,372,983.7,2024-04-16 00:00:00,completed
1106,373,2153.36,2023-09-25 00:00:00,refunded
1107,373,448.24,2023-08-28 00:00:00,refunded
1108,373,737.72,2022-12-20 00:00:00,cancelled
1109,373,1449.15,2023-11-15 00:00:00,completed
1110,373,2035.14,2024-10-03 00:00:00,completed
1111,373,2126.6,2023-09-01 00:00:00,refunded
1112,374,161.25,2023-11-09 00:00:00,pending
1113,374,140.1,2024-03-21 00:00:00,completed
1114,374,217.92,2023-03-28 00:00:00,pending
1115,374,17.15,2024-05-07 00:00:00,completed
1116,374,147.07,2023-09-29 00:00:00,completed
1117,374,243.94,2023-03-28 00:00:00,completed
1118,374,15.96,2024-07-10 00:00:00,pending
1119,375,54.99,2024-08-29 00:00:00,cancelled
1120,375,-219.58,2024-10-17 00:00:00,pending
1121,375,224.86,2024-10-12 00:00:00,cancelled
1122,376,76.26,2022-11-12 00:00:00,
1123,377,360.73,2024-10-10 00:00:00,cancelled
1124,377,365.87,2024-12-24 00:00:00,refunded
1125,377,287.05,2024-05-16 00:00:00,refunded
1126,377,307.48,2024-02-18 00:00:00,refunded
1127,377,171.06,2024-05-26 00:00:00,cancelled
1128,378,184.54,2024-01-18 00:00:00,refunded
1129,378,165.07,2023-10-25 00:00:00,pending
1130,378,231.8,2023-02-25 00:00:00,pending
1131,378,153.36,2023-03-10 00:00:00,cancelled
1132,379,1461.23,07/04/2023,pending
1133,379,1075.63,2023-03-10 00:00:00,refunded
1134,379,108.63,2024-01-22 00:00:00,pending
1135,380,918.2,2024-09-29 00:00:00,refunded
1136,380,2248.69,2024-08-16 00:00:00,cancelled
1137,380,230.69,2024-03-20 00:00:00,cancelled
1138,380,758.76,2024-10-06 00:00:00,refunded
1139,380,2295.04,2024-12-23 00:00:00,
1140,380,979.47,2024-10-15 00:00:00,refunded
1141,381,389.25,2024-03-31 00:00:00,cancelled
1142,381,374.44,2024-10-16 00:00:00,refunded
1143,381,552.41,2024-03-09 00:00:00,cancelled
1144,381,227.85,2024-05-24 00:00:00,cancelled
1145,382,685.6,2024-11-16 00:00:00,completed
1146,382,-1402.8,2022-11-19 00:00:00,pending
1147,383,33.16,2023-02-28 00:00:00,completed
1148,383,921.81,2024-06-16 00:00:00,pending
1149,383,569.4,2022-09-27 00:00:00,refunded
1150,384,33.53,2024-11-03 00:00:00,cancelled
1151,384,85.14,2023-03-06 00:00:00,cancelled
1152,385,1118.03,2024-09-03 00:00:00,completed
1153,385,258.24,2024-09-04 00:00:00,completed
1154,385,1093.34,2024-10-04 00:00:00,pending
1155,385,923.61,2024-06-29 00:00:00,cancelled
1156,386,377.23,2024-06-27 00:00:00,completed
1157,386,97.28,2024-06-14 00:00:00,refunded
1158,386,322.48,2023-02-13 00:00:00,refunded
1159,387,843.27,2023-09-10 00:00:00,refunded
1160,387,386.89,2024-03-21 00:00:00,pending
1161,387,539.0,2023-09-05 00:00:00,refunded
1162,387,1196.49,2024-03-04 00:00:00,completed
1163,387,1054.15,2024-03-24 00:00:00,refunded
1164,388,2230.04,2022-12-22 00:00:00,refunded
1165,388,1057.51,2023-04-06 00:00:00,refunded
1166,389,88.26,2023-04-07 00:00:00,completed
1167,389,136.32,2023-02-12 00:00:00,completed
1168,389,137.24,2024-05-06 00:00:00,completed
1169,390,385.35,2024-12-02 00:00:00,completed
1170,390,492.76,2023-04-30 00:00:00,refunded
1171,390,172.44,26/10/2023,pending
1172,390,380.01,2022-10-29 00:00:00,completed
1173,390,157.72,2023-07-25 00:00:00,pending
1174,390,70.58,2024-11-14 00:00:00,refunded
1175,391,-118.75,2023-09-09 00:00:00,refunded
1176,391,142.06,2023-11-17 00:00:00,refunded
1177,392,790.28,2022-04-18 00:00:00,refunded
1178,392,972.62,2024-10-22 00:00:00,refunded
1179,393,1772.05,2024-12-22 00:00:00,pending
1180,393,1918.62,2023-06-23 00:00:00,completed
1181,393,618.68,2024-08-04 00:00:00,cancelled
1182,394,244.08,2024-08-25 00:00:00,completed
1183,395,39.63,2022-06-26 00:00:00,refunded
1184,395,193.02,2022-05-06 00:00:00,cancelled
1185,395,83.75,2022-03-21 00:00:00,refunded
1186,396,1386.69,2023-07-27 00:00:00,cancelled
1187,396,1310.36,2023-07-21 00:00:00,completed
1188,396,1904.37,2022-07-22 00:00:00,pending
1189,397,72.85,2022-10-03 00:00:00,refunded
1190,397,942.52,2022-10-30 00:00:00,refunded
1191,397,906.93,2023-04-06 00:00:00,cancelled
1192,397,228.28,2024-04-04 00:00:00,cancelled
1193,397,479.79,2024-06-09 00:00:00,cancelled
1194,398,-452.38,2024-11-30 00:00:00,refunded
1195,398,2483.61,2024-11-26 00:00:00,completed
1196,398,1173.55,2024-12-26 00:00:00,completed
1197,398,1609.04,2024-12-14 00:00:00,
1198,399,1481.95,2024-06-07 00:00:00,cancelled
1199,399,1375.49,2024-08-15 00:00:00,pending
1200,400,715.48,2024-02-05 00:00:00,pending
1201,400,730.18,2024-04-14 00:00:00,cancelled
1202,401,46.18,2024-03-27 00:00:00,pending
1203,401,40.12,2024-02-24 00:00:00,refunded
1204,401,38.56,2024-01-06 00:00:00,refunded
1205,401,63.99,2024-02-09 00:00:00,refunded
1206,401,210.47,2024-05-18 00:00:00,cancelled
1207,401,236.65,2024-03-05 00:00:00,cancelled
1208,402,663.82,2024-12-25 00:00:00,completed
1209,402,2172.04,2023-11-30 00:00:00,refunded
1210,402,1421.5,2024-09-28 00:00:00,pending
1211,404,263.74,2024-12-16 00:00:00,cancelled
1212,404,-1153.92,2024-12-16 00:00:00,cancelled
1213,406,360.86,2024-02-14 00:00:00,completed
1214,406,1246.61,2024-06-05 00:00:00,refunded
1215,406,-693.34,2024-10-26 00:00:00,
1216,406,889.41,2023-12-25 00:00:00,pending
1217,407,113.63,2022-10-08 00:00:00,completed
1218,407,165.5,2023-02-26 00:00:00,completed
1219,407,46.46,2024-08-07 00:00:00,cancelled
1220,407,168.59,2024-12-16 00:00:00,completed
1221,407,70.33,2024-08-27 00:00:00,pending
1222,408,803.24,2023-08-26 00:00:00,completed
1223,408,721.01,2024-06-21 00:00:00,completed
1224,408,248.56,2023-06-02 00:00:00,completed
1225,409,7.56,2024-10-23 00:00:00,cancelled
1226,409,210.14,2024-02-20 00:00:00,pending
1227,409,177.95,2024-03-28 00:00:00,pending
1228,409,51.12,2024-11-16 00:00:00,pending
1229,410,92.01,2024-09-05 00:00:00,cancelled
1230,410,-173.32,2024-11-17 00:00:00,pending
1231,411,496.94,2024-09-06 00:00:00,refunded
1232,411,177.67,2024-09-06 00:00:00,cancelled
1233,411,137.81,2024-11-11 00:00:00,completed
1234,412,192.42,2023-04-02 00:00:00,refunded
1235,412,318.44,2022-08-22 00:00:00,completed
1236,412,59.1,2024-11-16 00:00:00,cancelled
1237,414,150.43,2023-10-18 00:00:00,refunded
1238,414,96.44,2024-07-17 00:00:00,cancelled
1239,414,62.4,2024-12-22 00:00:00,completed
1240,414,150.3,2023-08-22 00:00:00,pending
1241,414,236.0,2024-06-21 00:00:00,pending
1242,415,242.73,2024-04-15 00:00:00,cancelled
1243,415,45.51,2024-10-07 00:00:00,completed
1244,415,24.69,2024-08-23 00:00:00,pending
1245,415,-172.75,2024-06-05 00:00:00,cancelled
1246,416,1762.01,2024-08-24 00:00:00,refunded
1247,416,999.56,2023-10-24 00:00:00,cancelled
1248,416,2058.49,2024-05-02 00:00:00,refunded
1249,417,115.9,2024-06-23 00:00:00,pending
1250,417,53.9,2024-10-22 00:00:00,refunded
1251,417,158.41,2023-12-02 00:00:00,cancelled
1252,417,419.33,2024-04-01 00:00:00,cancelled
1253,418,97.96,2024-08-23 00:00:00,refunded
1254,418,179.68,2024-05-29 00:00:00,completed
1255,418,166.32,2024-06-18 00:00:00,
1256,418,206.83,2024-10-26 00:00:00,completed
1257,418,405.49,2024-10-09 00:00:00,refunded
1258,418,272.16,2024-12-10 00:00:00,cancelled
1259,418,197.9,2024-11-18 00:00:00,completed
1260,419,1311.5,2024-04-16 00:00:00,refunded
1261,419,1177.61,2024-09-12 00:00:00,completed
1262,419,1703.74,2024-06-26 00:00:00,completed
1263,421,27.45,2024-12-30 00:00:00,completed
1264,421,95.86,2024-12-23 00:00:00,completed
1265,422,2431.04,2023-04-13 00:00:00,pending
1266,422,1332.72,2024-08-12 00:00:00,refunded
1267,422,2443.27,2024-01-08 00:00:00,completed
1268,422,1610.02,2024-11-29 00:00:00,
1269,422,1817.91,2023-01-13 00:00:00,completed
1270,423,248.76,2024-02-24 00:00:00,pending
1271,424,361.61,2024-04-12 00:00:00,pending
1272,425,718.06,2023-09-16 00:00:00,refunded
1273,425,704.28,2023-08-26 00:00:00,cancelled
1274,425,206.12,2023-05-08 00:00:00,cancelled
1275,425,1605.19,2024-06-20 00:00:00,cancelled
1276,425,884.46,2024-01-13 00:00:00,cancelled
1277,425,566.06,2024-11-27 00:00:00,pending
1278,426,159.69,2023-03-20 00:00:00,cancelled
1279,426,76.5,2023-11-06 00:00:00,cancelled
1280,426,45.85,2024-08-19 00:00:00,cancelled
1281,426,141.33,2023-10-16 00:00:00,refunded
1282,426,153.74,2024-01-21 00:00:00,completed
1283,427,216.9,2024-12-18 00:00:00,refunded
1284,427,83.25,2024-12-21 00:00:00,cancelled
1285,427,128.06,2024-12-23 00:00:00,refunded
1286,428,230.23,2024-12-27 00:00:00,
1287,428,237.37,2024-10-05 00:00:00,pending
1288,429,527.61,2024-05-13 00:00:00,completed
1289,429,759.47,2023-11-22 00:00:00,refunded
1290,430,-345.34,2024-04-24 00:00:00,cancelled
1291,430,280.51,2024-03-13 00:00:00,pending
1292,430,127.26,2024-11-16 00:00:00,refunded
1293,431,278.58,2022-05-10 00:00:00,refunded
1294,431,1001.02,2023-07-16 00:00:00,refunded
1295,432,-324.96,2024-11-02 00:00:00,completed
1296,432,1244.53,2024-12-18 00:00:00,refunded
1297,433,1803.7,2022-11-01 00:00:00,completed
1298,433,1026.07,2024-10-09 00:00:00,completed
1299,433,1128.11,2024-04-26 00:00:00,completed
1300,433,1896.27,2024-02-14 00:00:00,completed
1301,434,199.91,2023-04-15 00:00:00,pending
1302,435,946.82,2024-12-07 00:00:00,cancelled
1303,435,881.96,2024-12-02 00:00:00,cancelled
1304,435,56.78,2024-11-11 00:00:00,cancelled
1305,436,1603.04,2024-11-08 00:00:00,refunded
1306,436,408.99,2023-08-16 00:00:00,cancelled
1307,436,1478.91,2023-11-09 00:00:00,pending
1308,436,1044.32,2024-09-17 00:00:00,pending
1309,437,483.59,2024-01-20 00:00:00,refunded
1310,437,1123.99,2023-12-11 00:00:00,completed
1311,437,299.78,2023-03-02 00:00:00,cancelled
1312,438,1175.34,2024-08-05 00:00:00,completed
1313,439,186.64,2023-07-09 00:00:00,cancelled
1314,439,129.32,2023-10-21 00:00:00,cancelled
1315,439,242.76,2023-02-07 00:00:00,completed
1316,440,869.88,2024-01-01 00:00:00,pending
1317,440,701.17,2024-03-26 00:00:00,completed
1318,440,665.13,2023-11-10 00:00:00,completed
1319,440,593.73,2024-10-28 00:00:00,completed
1320,441,608.14,2023-02-04 00:00:00,completed
1321,442,110.29,2024-11-23 00:00:00,completed
1322,442,202.41,2024-11-24 00:00:00,refunded
1323,442,125.69,2024-10-14 00:00:00,pending
1324,443,2174.79,2023-05-22 00:00:00,pending
1325,443,1128.11,2024-05-26 00:00:00,pending
1326,443,1264.68,2023-12-19 00:00:00,pending
1327,444,444.48,2024-10-16 00:00:00,pending
1328,444,639.68,2024-08-08 00:00:00,cancelled
1329,444,724.49,2024-06-19 00:00:00,pending
1330,444,1069.14,2024-05-30 00:00:00,pending
1331,444,980.2,2024-10-03 00:00:00,cancelled
1332,444,479.22,2024-08-06 00:00:00,cancelled
1333,445,-286.01,2024-11-26 00:00:00,refunded
1334,445,183.27,22/11/2024,pending
1335,446,836.02,2023-02-16 00:00:00,cancelled
1336,446,493.45,2024-10-04 00:00:00,pending
1337,446,155.87,2023-04-24 00:00:00,pending
1338,446,600.59,2024-03-16 00:00:00,completed
1339,447,736.35,2023-01-15 00:00:00,refunded
1340,447,955.15,2023-11-06 00:00:00,cancelled
1341,447,2444.09,2023-04-02 00:00:00,refunded
1342,447,539.99,2023-12-13 00:00:00,completed
1343,448,135.1,2024-11-12 00:00:00,cancelled
1344,448,197.55,2024-12-22 00:00:00,cancelled
1345,448,221.72,2024-12-06 00:00:00,pending
1346,448,171.03,2024-09-27 00:00:00,cancelled
1347,449,1096.96,2023-12-23 00:00:00,refunded
1348,450,89.69,2023-10-03 00:00:00,refunded
1349,450,1985.84,2023-08-16 00:00:00,refunded
1350,450,1435.0,2022-12-02 00:00:00,completed
1351,450,1456.12,2022-12-14 00:00:00,refunded
1352,450,1725.69,2024-11-09 00:00:00,cancelled
1353,450,1643.59,2023-02-18 00:00:00,completed
1354,450,1746.84,2024-11-23 00:00:00,refunded
1355,450,-2079.15,2024-06-15 00:00:00,completed
1356,451,851.31,2024-06-19 00:00:00,cancelled
1357,451,1158.56,2024-06-09 00:00:00,pending
1358,451,57.13,2023-02-10 00:00:00,completed
1359,451,1091.43,2023-09-30 00:00:00,pending
1360,451,310.4,2023-08-03 00:00:00,
1361,452,-1046.84,2024-05-26 00:00:00,refunded
1362,452,491.01,2024-07-08 00:00:00,refunded
1363,452,138.74,2024-05-26 00:00:00,pending
1364,452,951.84,2024-06-15 00:00:00,completed
1365,452,533.53,2024-09-02 00:00:00,pending
1366,452,-648.2,2024-08-01 00:00:00,refunded
1367,453,91.9,2024-12-09 00:00:00,cancelled
1368,453,61.19,2024-12-15 00:00:00,completed
1369,453,238.07,2024-12-06 00:00:00,cancelled
1370,453,48.45,2024-12-13 00:00:00,completed
1371,453,14.55,2024-12-30 00:00:00,pending
1372,453,206.7,2024-12-19 00:00:00,refunded
1373,453,203.31,2024-12-29 00:00:00,pending
1374,455,1582.02,2024-08-11 00:00:00,
1375,457,228.83,2023-11-29 00:00:00,completed
1376,457,43.75,2023-12-25 00:00:00,completed
1377,457,32.54,2023-09-10 00:00:00,refunded
1378,458,305.6,2024-12-14 00:00:00,completed
1379,458,168.21,2022-11-29 00:00:00,cancelled
1380,459,213.73,2024-12-01 00:00:00,pending
1381,459,60.26,2024-06-08 00:00:00,completed
1382,459,30.78,2024-10-07 00:00:00,pending
1383,460,168.75,2024-12-22 00:00:00,cancelled
1384,460,146.95,2024-12-02 00:00:00,completed
1385,460,244.99,2024-12-05 00:00:00,completed
1386,460,102.21,2024-12-03 00:00:00,completed
1387,461,104.39,2024-05-18 00:00:00,pending
1388,461,73.43,2024-11-05 00:00:00,cancelled
1389,461,194.14,2024-02-16 00:00:00,refunded
1390,462,196.58,2022-07-16 00:00:00,refunded
1391,462,243.9,2023-06-17 00:00:00,completed
1392,462,80.22,2024-02-18 00:00:00,refunded
1393,463,102.4,2024-11-11 00:00:00,pending
1394,463,184.69,2024-11-12 00:00:00,cancelled
1395,463,133.64,2024-12-03 00:00:00,cancelled
1396,463,96.75,2024-11-10 00:00:00,completed
1397,463,211.59,2024-11-14 00:00:00,pending
1398,463,73.21,2024-11-12 00:00:00,refunded
1399,463,121.75,27/12/2024,cancelled
1400,464,843.45,2024-11-08 00:00:00,pending
1401,464,950.08,2024-09-05 00:00:00,pending
1402,465,100.85,2023-03-10 00:00:00,pending
1403,465,90.85,2024-11-05 00:00:00,pending
1404,465,182.86,2022-11-08 00:00:00,pending
1405,465,7.64,2023-06-05 00:00:00,completed
1406,465,120.42,2024-03-08 00:00:00,refunded
1407,466,441.31,2023-06-10 00:00:00,cancelled
1408,466,65.29,2023-12-16 00:00:00,refunded
1409,466,381.65,2024-08-09 00:00:00,pending
1410,467,128.23,2024-01-31 00:00:00,refunded
1411,467,433.93,2022-08-22 00:00:00,cancelled
1412,467,171.13,2024-11-24 00:00:00,cancelled
1413,467,128.94,2024-10-09 00:00:00,refunded
1414,467,284.73,2024-10-14 00:00:00,refunded
1415,467,304.81,2022-04-15 00:00:00,completed
1416,467,294.26,2024-01-27 00:00:00,refunded
1417,468,2137.97,2024-04-30 00:00:00,completed
1418,468,1107.9,2024-10-20 00:00:00,completed
1419,468,292.07,2024-03-04 00:00:00,refunded
1420,469,913.33,2024-07-31 00:00:00,pending
1421,469,694.78,2024-12-27 00:00:00,pending
1422,470,189.56,2024-09-15 00:00:00,pending
1423,470,82.55,2024-03-22 00:00:00,cancelled
1424,471,808.36,2024-12-12 00:00:00,refunded
1425,471,1012.22,2024-07-01 00:00:00,cancelled
1426,472,455.33,2024-09-12 00:00:00,cancelled
1427,473,27.87,2024-07-18 00:00:00,refunded
1428,473,102.21,2024-10-06 00:00:00,refunded
1429,473,155.29,2024-09-05 00:00:00,completed
1430,473,-139.26,2024-08-11 00:00:00,cancelled
1431,474,1128.87,2023-11-18 00:00:00,pending
1432,475,210.29,2024-05-14 00:00:00,refunded
1433,475,212.74,2023-07-15 00:00:00,refunded
1434,475,178.15,2023-09-30 00:00:00,cancelled
1435,475,83.44,2023-09-03 00:00:00,cancelled
1436,475,65.49,2024-12-25 00:00:00,pending
1437,476,81.8,2024-07-11 00:00:00,pending
1438,476,206.16,2024-07-30 00:00:00,pending
1439,476,112.28,2024-10-04 00:00:00,refunded
1440,476,141.95,2024-04-13 00:00:00,completed
1441,478,145.28,2024-05-31 00:00:00,cancelled
1442,478,221.11,2023-10-10 00:00:00,pending
1443,479,159.28,2024-03-11 00:00:00,pending
1444,479,385.49,2022-09-15 00:00:00,cancelled
1445,479,185.59,2024-06-01 00:00:00,completed
1446,480,368.95,2023-04-04 00:00:00,pending
1447,480,24.45,2023-04-24 00:00:00,refunded
1448,481,2375.12,2024-04-15 00:00:00,refunded
1449,481,891.07,2024-09-12 00:00:00,completed
1450,482,100.44,2024-10-10 00:00:00,refunded
1451,482,176.46,2024-10-09 00:00:00,
1452,483,344.53,2022-05-11 00:00:00,completed
1453,483,-170.16,2022-01-19 00:00:00,cancelled
1454,483,478.3,2022-06-01 00:00:00,pending
1455,483,57.51,2023-12-18 00:00:00,pending
1456,483,-258.59,2023-01-08 00:00:00,refunded
1457,483,405.53,2022-09-13 00:00:00,cancelled
1458,483,92.02,2024-12-06 00:00:00,completed
1459,483,469.53,2023-12-01 00:00:00,refunded
1460,485,63.67,2023-12-13 00:00:00,refunded
1461,486,1227.04,2024-12-17 00:00:00,completed
1462,486,1341.98,2024-12-12 00:00:00,refunded
1463,486,1147.37,2023-11-11 00:00:00,pending
1464,486,251.85,2024-03-14 00:00:00,completed
1465,486,799.45,2024-03-20 00:00:00,cancelled
1466,486,510.79,2023-09-24 00:00:00,completed
1467,487,818.45,2024-07-19 00:00:00,completed
1468,487,911.83,2023-04-12 00:00:00,completed
1469,487,1333.76,2024-03-05 00:00:00,pending
1470,488,475.48,2024-11-26 00:00:00,pending
1471,489,155.19,2024-12-09 00:00:00,completed
1472,490,226.58,2023-06-12 00:00:00,cancelled
1473,490,229.81,2024-06-22 00:00:00,refunded
1474,490,221.08,2024-02-27 00:00:00,refunded
1475,490,55.19,2024-04-20 00:00:00,
1476,490,73.13,2024-06-28 00:00:00,pending
1477,490,15.24,2024-07-16 00:00:00,refunded
1478,491,2260.43,2022-09-18 00:00:00,refunded
1479,492,373.89,2024-04-07 00:00:00,cancelled
1480,492,508.76,2023-06-27 00:00:00,pending
1481,492,659.83,2023-07-05 00:00:00,completed
1482,492,250.99,2024-03-28 00:00:00,completed
1483,493,193.44,2024-06-10 00:00:00,pending
1484,495,461.7,2024-08-25 00:00:00,cancelled
1485,496,128.87,2024-04-06 00:00:00,pending
1486,496,11.2,2024-06-20 00:00:00,refunded
1487,497,139.05,2024-10-26 00:00:00,cancelled
1488,497,9.28,2024-12-15 00:00:00,pending
1489,497,172.66,2024-10-21 00:00:00,completed
1490,498,1074.83,2023-08-19 00:00:00,completed
1491,498,1173.08,2024-08-18 00:00:00,refunded
1492,498,861.53,2023-12-18 00:00:00,cancelled
1493,498,581.42,2023-09-22 00:00:00,cancelled
1494,499,1248.95,2024-03-04 00:00:00,
1495,499,77.13,2023-10-31 00:00:00,refunded
1496,499,178.15,2024-03-11 00:00:00,cancelled
1497,499,923.48,2024-04-10 00:00:00,refunded
1498,499,513.63,2024-07-24 00:00:00,pending
1499,499,1095.17,2024-12-16 00:00:00,cancelled
1500,499,484.15,2024-03-15 00:00:00,cancelled
1501,500,453.29,2023-09-27 00:00:00,refunded
1502,500,333.23,2022-12-06 00:00:00,refunded
1503,500,288.02,2024-03-20 00:00:00,pending
1504,500,324.21,2022-12-05 00:00:00,pending
